algorithm,dimension,function,skew,rotation,noise,path
ADAGRAD,10,multimin,0.0,0.0,0.0,Reduced/ADAGRAD_(10-dimensions)_multimin_(objectified)_(skewed-0.00)_(rotated-0.00)_(noised-0.00).csv.gz
ADAGRAD,10,multimin,0.0,0.0,0.5,Reduced/ADAGRAD_(10-dimensions)_multimin_(objectified)_(skewed-0.00)_(rotated-0.00)_(noised-0.50).csv.gz
ADAGRAD,10,multimin,0.0,0.0,1.0,Reduced/ADAGRAD_(10-dimensions)_multimin_(objectified)_(skewed-0.00)_(rotated-0.00)_(noised-1.00).csv.gz
ADAGRAD,10,multimin,0.0,0.5,0.0,Reduced/ADAGRAD_(10-dimensions)_multimin_(objectified)_(skewed-0.00)_(rotated-0.50)_(noised-0.00).csv.gz
ADAGRAD,10,multimin,0.0,1.0,0.0,Reduced/ADAGRAD_(10-dimensions)_multimin_(objectified)_(skewed-0.00)_(rotated-1.00)_(noised-0.00).csv.gz
ADAGRAD,10,multimin,0.5,0.0,0.0,Reduced/ADAGRAD_(10-dimensions)_multimin_(objectified)_(skewed-0.50)_(rotated-0.00)_(noised-0.00).csv.gz
ADAGRAD,10,multimin,0.99,0.0,0.0,Reduced/ADAGRAD_(10-dimensions)_multimin_(objectified)_(skewed-0.99)_(rotated-0.00)_(noised-0.00).csv.gz
ADAGRAD,10,saddle,0.0,0.0,0.0,Reduced/ADAGRAD_(10-dimensions)_saddle_(objectified)_(skewed-0.00)_(rotated-0.00)_(noised-0.00).csv.gz
ADAGRAD,10,saddle,0.0,0.0,0.5,Reduced/ADAGRAD_(10-dimensions)_saddle_(objectified)_(skewed-0.00)_(rotated-0.00)_(noised-0.50).csv.gz
ADAGRAD,10,saddle,0.0,0.0,1.0,Reduced/ADAGRAD_(10-dimensions)_saddle_(objectified)_(skewed-0.00)_(rotated-0.00)_(noised-1.00).csv.gz
ADAGRAD,10,saddle,0.0,0.5,0.0,Reduced/ADAGRAD_(10-dimensions)_saddle_(objectified)_(skewed-0.00)_(rotated-0.50)_(noised-0.00).csv.gz
ADAGRAD,10,saddle,0.0,1.0,0.0,Reduced/ADAGRAD_(10-dimensions)_saddle_(objectified)_(skewed-0.00)_(rotated-1.00)_(noised-0.00).csv.gz
ADAGRAD,10,saddle,0.5,0.0,0.0,Reduced/ADAGRAD_(10-dimensions)_saddle_(objectified)_(skewed-0.50)_(rotated-0.00)_(noised-0.00).csv.gz
ADAGRAD,10,saddle,0.99,0.0,0.0,Reduced/ADAGRAD_(10-dimensions)_saddle_(objectified)_(skewed-0.99)_(rotated-0.00)_(noised-0.00).csv.gz
ADAGRAD,10,subquadratic,0.0,0.0,0.0,Reduced/ADAGRAD_(10-dimensions)_subquadratic_(objectified)_(skewed-0.00)_(rotated-0.00)_(noised-0.00).csv.gz
ADAGRAD,10,subquadratic,0.0,0.0,0.5,Reduced/ADAGRAD_(10-dimensions)_subquadratic_(objectified)_(skewed-0.00)_(rotated-0.00)_(noised-0.50).csv.gz
ADAGRAD,10,subquadratic,0.0,0.0,1.0,Reduced/ADAGRAD_(10-dimensions)_subquadratic_(objectified)_(skewed-0.00)_(rotated-0.00)_(noised-1.00).csv.gz
ADAGRAD,10,subquadratic,0.0,0.5,0.0,Reduced/ADAGRAD_(10-dimensions)_subquadratic_(objectified)_(skewed-0.00)_(rotated-0.50)_(noised-0.00).csv.gz
ADAGRAD,10,subquadratic,0.0,1.0,0.0,Reduced/ADAGRAD_(10-dimensions)_subquadratic_(objectified)_(skewed-0.00)_(rotated-1.00)_(noised-0.00).csv.gz
ADAGRAD,10,subquadratic,0.5,0.0,0.0,Reduced/ADAGRAD_(10-dimensions)_subquadratic_(objectified)_(skewed-0.50)_(rotated-0.00)_(noised-0.00).csv.gz
ADAGRAD,10,subquadratic,0.99,0.0,0.0,Reduced/ADAGRAD_(10-dimensions)_subquadratic_(objectified)_(skewed-0.99)_(rotated-0.00)_(noised-0.00).csv.gz
ADAGRAD,10,superquadratic,0.0,0.0,0.0,Reduced/ADAGRAD_(10-dimensions)_superquadratic_(objectified)_(skewed-0.00)_(rotated-0.00)_(noised-0.00).csv.gz
ADAGRAD,10,superquadratic,0.0,0.0,0.5,Reduced/ADAGRAD_(10-dimensions)_superquadratic_(objectified)_(skewed-0.00)_(rotated-0.00)_(noised-0.50).csv.gz
ADAGRAD,10,superquadratic,0.0,0.0,1.0,Reduced/ADAGRAD_(10-dimensions)_superquadratic_(objectified)_(skewed-0.00)_(rotated-0.00)_(noised-1.00).csv.gz
ADAGRAD,10,superquadratic,0.0,0.5,0.0,Reduced/ADAGRAD_(10-dimensions)_superquadratic_(objectified)_(skewed-0.00)_(rotated-0.50)_(noised-0.00).csv.gz
ADAGRAD,10,superquadratic,0.0,1.0,0.0,Reduced/ADAGRAD_(10-dimensions)_superquadratic_(objectified)_(skewed-0.00)_(rotated-1.00)_(noised-0.00).csv.gz
ADAGRAD,10,superquadratic,0.5,0.0,0.0,Reduced/ADAGRAD_(10-dimensions)_superquadratic_(objectified)_(skewed-0.50)_(rotated-0.00)_(noised-0.00).csv.gz
ADAGRAD,10,superquadratic,0.99,0.0,0.0,Reduced/ADAGRAD_(10-dimensions)_superquadratic_(objectified)_(skewed-0.99)_(rotated-0.00)_(noised-0.00).csv.gz
ADAGRAD,100,multimin,0.0,0.0,0.0,Reduced/ADAGRAD_(100-dimensions)_multimin_(objectified)_(skewed-0.00)_(rotated-0.00)_(noised-0.00).csv.gz
ADAGRAD,100,multimin,0.0,0.0,0.5,Reduced/ADAGRAD_(100-dimensions)_multimin_(objectified)_(skewed-0.00)_(rotated-0.00)_(noised-0.50).csv.gz
ADAGRAD,100,multimin,0.0,0.0,1.0,Reduced/ADAGRAD_(100-dimensions)_multimin_(objectified)_(skewed-0.00)_(rotated-0.00)_(noised-1.00).csv.gz
ADAGRAD,100,multimin,0.0,0.5,0.0,Reduced/ADAGRAD_(100-dimensions)_multimin_(objectified)_(skewed-0.00)_(rotated-0.50)_(noised-0.00).csv.gz
ADAGRAD,100,multimin,0.0,1.0,0.0,Reduced/ADAGRAD_(100-dimensions)_multimin_(objectified)_(skewed-0.00)_(rotated-1.00)_(noised-0.00).csv.gz
ADAGRAD,100,multimin,0.5,0.0,0.0,Reduced/ADAGRAD_(100-dimensions)_multimin_(objectified)_(skewed-0.50)_(rotated-0.00)_(noised-0.00).csv.gz
ADAGRAD,100,multimin,0.99,0.0,0.0,Reduced/ADAGRAD_(100-dimensions)_multimin_(objectified)_(skewed-0.99)_(rotated-0.00)_(noised-0.00).csv.gz
ADAGRAD,100,saddle,0.0,0.0,0.0,Reduced/ADAGRAD_(100-dimensions)_saddle_(objectified)_(skewed-0.00)_(rotated-0.00)_(noised-0.00).csv.gz
ADAGRAD,100,saddle,0.0,0.0,0.5,Reduced/ADAGRAD_(100-dimensions)_saddle_(objectified)_(skewed-0.00)_(rotated-0.00)_(noised-0.50).csv.gz
ADAGRAD,100,saddle,0.0,0.0,1.0,Reduced/ADAGRAD_(100-dimensions)_saddle_(objectified)_(skewed-0.00)_(rotated-0.00)_(noised-1.00).csv.gz
ADAGRAD,100,saddle,0.0,0.5,0.0,Reduced/ADAGRAD_(100-dimensions)_saddle_(objectified)_(skewed-0.00)_(rotated-0.50)_(noised-0.00).csv.gz
ADAGRAD,100,saddle,0.0,1.0,0.0,Reduced/ADAGRAD_(100-dimensions)_saddle_(objectified)_(skewed-0.00)_(rotated-1.00)_(noised-0.00).csv.gz
ADAGRAD,100,saddle,0.5,0.0,0.0,Reduced/ADAGRAD_(100-dimensions)_saddle_(objectified)_(skewed-0.50)_(rotated-0.00)_(noised-0.00).csv.gz
ADAGRAD,100,saddle,0.99,0.0,0.0,Reduced/ADAGRAD_(100-dimensions)_saddle_(objectified)_(skewed-0.99)_(rotated-0.00)_(noised-0.00).csv.gz
ADAGRAD,100,subquadratic,0.0,0.0,0.0,Reduced/ADAGRAD_(100-dimensions)_subquadratic_(objectified)_(skewed-0.00)_(rotated-0.00)_(noised-0.00).csv.gz
ADAGRAD,100,subquadratic,0.0,0.0,0.5,Reduced/ADAGRAD_(100-dimensions)_subquadratic_(objectified)_(skewed-0.00)_(rotated-0.00)_(noised-0.50).csv.gz
ADAGRAD,100,subquadratic,0.0,0.0,1.0,Reduced/ADAGRAD_(100-dimensions)_subquadratic_(objectified)_(skewed-0.00)_(rotated-0.00)_(noised-1.00).csv.gz
ADAGRAD,100,subquadratic,0.0,0.5,0.0,Reduced/ADAGRAD_(100-dimensions)_subquadratic_(objectified)_(skewed-0.00)_(rotated-0.50)_(noised-0.00).csv.gz
ADAGRAD,100,subquadratic,0.0,1.0,0.0,Reduced/ADAGRAD_(100-dimensions)_subquadratic_(objectified)_(skewed-0.00)_(rotated-1.00)_(noised-0.00).csv.gz
ADAGRAD,100,subquadratic,0.5,0.0,0.0,Reduced/ADAGRAD_(100-dimensions)_subquadratic_(objectified)_(skewed-0.50)_(rotated-0.00)_(noised-0.00).csv.gz
ADAGRAD,100,subquadratic,0.99,0.0,0.0,Reduced/ADAGRAD_(100-dimensions)_subquadratic_(objectified)_(skewed-0.99)_(rotated-0.00)_(noised-0.00).csv.gz
ADAGRAD,100,superquadratic,0.0,0.0,0.0,Reduced/ADAGRAD_(100-dimensions)_superquadratic_(objectified)_(skewed-0.00)_(rotated-0.00)_(noised-0.00).csv.gz
ADAGRAD,100,superquadratic,0.0,0.0,0.5,Reduced/ADAGRAD_(100-dimensions)_superquadratic_(objectified)_(skewed-0.00)_(rotated-0.00)_(noised-0.50).csv.gz
ADAGRAD,100,superquadratic,0.0,0.0,1.0,Reduced/ADAGRAD_(100-dimensions)_superquadratic_(objectified)_(skewed-0.00)_(rotated-0.00)_(noised-1.00).csv.gz
ADAGRAD,100,superquadratic,0.0,0.5,0.0,Reduced/ADAGRAD_(100-dimensions)_superquadratic_(objectified)_(skewed-0.00)_(rotated-0.50)_(noised-0.00).csv.gz
ADAGRAD,100,superquadratic,0.0,1.0,0.0,Reduced/ADAGRAD_(100-dimensions)_superquadratic_(objectified)_(skewed-0.00)_(rotated-1.00)_(noised-0.00).csv.gz
ADAGRAD,100,superquadratic,0.5,0.0,0.0,Reduced/ADAGRAD_(100-dimensions)_superquadratic_(objectified)_(skewed-0.50)_(rotated-0.00)_(noised-0.00).csv.gz
ADAGRAD,100,superquadratic,0.99,0.0,0.0,Reduced/ADAGRAD_(100-dimensions)_superquadratic_(objectified)_(skewed-0.99)_(rotated-0.00)_(noised-0.00).csv.gz
ADAGRAD,1000,multimin,0.0,0.0,0.0,Reduced/ADAGRAD_(1000-dimensions)_multimin_(objectified)_(skewed-0.00)_(rotated-0.00)_(noised-0.00).csv.gz
ADAGRAD,1000,multimin,0.0,0.0,0.5,Reduced/ADAGRAD_(1000-dimensions)_multimin_(objectified)_(skewed-0.00)_(rotated-0.00)_(noised-0.50).csv.gz
ADAGRAD,1000,multimin,0.0,0.0,1.0,Reduced/ADAGRAD_(1000-dimensions)_multimin_(objectified)_(skewed-0.00)_(rotated-0.00)_(noised-1.00).csv.gz
ADAGRAD,1000,multimin,0.0,0.5,0.0,Reduced/ADAGRAD_(1000-dimensions)_multimin_(objectified)_(skewed-0.00)_(rotated-0.50)_(noised-0.00).csv.gz
ADAGRAD,1000,multimin,0.0,1.0,0.0,Reduced/ADAGRAD_(1000-dimensions)_multimin_(objectified)_(skewed-0.00)_(rotated-1.00)_(noised-0.00).csv.gz
ADAGRAD,1000,multimin,0.5,0.0,0.0,Reduced/ADAGRAD_(1000-dimensions)_multimin_(objectified)_(skewed-0.50)_(rotated-0.00)_(noised-0.00).csv.gz
ADAGRAD,1000,multimin,0.99,0.0,0.0,Reduced/ADAGRAD_(1000-dimensions)_multimin_(objectified)_(skewed-0.99)_(rotated-0.00)_(noised-0.00).csv.gz
ADAGRAD,1000,saddle,0.0,0.0,0.0,Reduced/ADAGRAD_(1000-dimensions)_saddle_(objectified)_(skewed-0.00)_(rotated-0.00)_(noised-0.00).csv.gz
ADAGRAD,1000,saddle,0.0,0.0,0.5,Reduced/ADAGRAD_(1000-dimensions)_saddle_(objectified)_(skewed-0.00)_(rotated-0.00)_(noised-0.50).csv.gz
ADAGRAD,1000,saddle,0.0,0.0,1.0,Reduced/ADAGRAD_(1000-dimensions)_saddle_(objectified)_(skewed-0.00)_(rotated-0.00)_(noised-1.00).csv.gz
ADAGRAD,1000,saddle,0.0,0.5,0.0,Reduced/ADAGRAD_(1000-dimensions)_saddle_(objectified)_(skewed-0.00)_(rotated-0.50)_(noised-0.00).csv.gz
ADAGRAD,1000,saddle,0.0,1.0,0.0,Reduced/ADAGRAD_(1000-dimensions)_saddle_(objectified)_(skewed-0.00)_(rotated-1.00)_(noised-0.00).csv.gz
ADAGRAD,1000,saddle,0.5,0.0,0.0,Reduced/ADAGRAD_(1000-dimensions)_saddle_(objectified)_(skewed-0.50)_(rotated-0.00)_(noised-0.00).csv.gz
ADAGRAD,1000,saddle,0.99,0.0,0.0,Reduced/ADAGRAD_(1000-dimensions)_saddle_(objectified)_(skewed-0.99)_(rotated-0.00)_(noised-0.00).csv.gz
ADAGRAD,1000,subquadratic,0.0,0.0,0.0,Reduced/ADAGRAD_(1000-dimensions)_subquadratic_(objectified)_(skewed-0.00)_(rotated-0.00)_(noised-0.00).csv.gz
ADAGRAD,1000,subquadratic,0.0,0.0,0.5,Reduced/ADAGRAD_(1000-dimensions)_subquadratic_(objectified)_(skewed-0.00)_(rotated-0.00)_(noised-0.50).csv.gz
ADAGRAD,1000,subquadratic,0.0,0.0,1.0,Reduced/ADAGRAD_(1000-dimensions)_subquadratic_(objectified)_(skewed-0.00)_(rotated-0.00)_(noised-1.00).csv.gz
ADAGRAD,1000,subquadratic,0.0,0.5,0.0,Reduced/ADAGRAD_(1000-dimensions)_subquadratic_(objectified)_(skewed-0.00)_(rotated-0.50)_(noised-0.00).csv.gz
ADAGRAD,1000,subquadratic,0.0,1.0,0.0,Reduced/ADAGRAD_(1000-dimensions)_subquadratic_(objectified)_(skewed-0.00)_(rotated-1.00)_(noised-0.00).csv.gz
ADAGRAD,1000,subquadratic,0.5,0.0,0.0,Reduced/ADAGRAD_(1000-dimensions)_subquadratic_(objectified)_(skewed-0.50)_(rotated-0.00)_(noised-0.00).csv.gz
ADAGRAD,1000,subquadratic,0.99,0.0,0.0,Reduced/ADAGRAD_(1000-dimensions)_subquadratic_(objectified)_(skewed-0.99)_(rotated-0.00)_(noised-0.00).csv.gz
ADAGRAD,1000,superquadratic,0.0,0.0,0.0,Reduced/ADAGRAD_(1000-dimensions)_superquadratic_(objectified)_(skewed-0.00)_(rotated-0.00)_(noised-0.00).csv.gz
ADAGRAD,1000,superquadratic,0.0,0.0,0.5,Reduced/ADAGRAD_(1000-dimensions)_superquadratic_(objectified)_(skewed-0.00)_(rotated-0.00)_(noised-0.50).csv.gz
ADAGRAD,1000,superquadratic,0.0,0.0,1.0,Reduced/ADAGRAD_(1000-dimensions)_superquadratic_(objectified)_(skewed-0.00)_(rotated-0.00)_(noised-1.00).csv.gz
ADAGRAD,1000,superquadratic,0.0,0.5,0.0,Reduced/ADAGRAD_(1000-dimensions)_superquadratic_(objectified)_(skewed-0.00)_(rotated-0.50)_(noised-0.00).csv.gz
ADAGRAD,1000,superquadratic,0.0,1.0,0.0,Reduced/ADAGRAD_(1000-dimensions)_superquadratic_(objectified)_(skewed-0.00)_(rotated-1.00)_(noised-0.00).csv.gz
ADAGRAD,1000,superquadratic,0.5,0.0,0.0,Reduced/ADAGRAD_(1000-dimensions)_superquadratic_(objectified)_(skewed-0.50)_(rotated-0.00)_(noised-0.00).csv.gz
ADAGRAD,1000,superquadratic,0.99,0.0,0.0,Reduced/ADAGRAD_(1000-dimensions)_superquadratic_(objectified)_(skewed-0.99)_(rotated-0.00)_(noised-0.00).csv.gz
ADAM,10,multimin,0.0,0.0,0.0,Reduced/ADAM_(10-dimensions)_multimin_(objectified)_(skewed-0.00)_(rotated-0.00)_(noised-0.00).csv.gz
ADAM,10,multimin,0.0,0.0,0.5,Reduced/ADAM_(10-dimensions)_multimin_(objectified)_(skewed-0.00)_(rotated-0.00)_(noised-0.50).csv.gz
ADAM,10,multimin,0.0,0.0,1.0,Reduced/ADAM_(10-dimensions)_multimin_(objectified)_(skewed-0.00)_(rotated-0.00)_(noised-1.00).csv.gz
ADAM,10,multimin,0.0,0.5,0.0,Reduced/ADAM_(10-dimensions)_multimin_(objectified)_(skewed-0.00)_(rotated-0.50)_(noised-0.00).csv.gz
ADAM,10,multimin,0.0,1.0,0.0,Reduced/ADAM_(10-dimensions)_multimin_(objectified)_(skewed-0.00)_(rotated-1.00)_(noised-0.00).csv.gz
ADAM,10,multimin,0.5,0.0,0.0,Reduced/ADAM_(10-dimensions)_multimin_(objectified)_(skewed-0.50)_(rotated-0.00)_(noised-0.00).csv.gz
ADAM,10,multimin,0.99,0.0,0.0,Reduced/ADAM_(10-dimensions)_multimin_(objectified)_(skewed-0.99)_(rotated-0.00)_(noised-0.00).csv.gz
ADAM,10,saddle,0.0,0.0,0.0,Reduced/ADAM_(10-dimensions)_saddle_(objectified)_(skewed-0.00)_(rotated-0.00)_(noised-0.00).csv.gz
ADAM,10,saddle,0.0,0.0,0.5,Reduced/ADAM_(10-dimensions)_saddle_(objectified)_(skewed-0.00)_(rotated-0.00)_(noised-0.50).csv.gz
ADAM,10,saddle,0.0,0.0,1.0,Reduced/ADAM_(10-dimensions)_saddle_(objectified)_(skewed-0.00)_(rotated-0.00)_(noised-1.00).csv.gz
ADAM,10,saddle,0.0,0.5,0.0,Reduced/ADAM_(10-dimensions)_saddle_(objectified)_(skewed-0.00)_(rotated-0.50)_(noised-0.00).csv.gz
ADAM,10,saddle,0.0,1.0,0.0,Reduced/ADAM_(10-dimensions)_saddle_(objectified)_(skewed-0.00)_(rotated-1.00)_(noised-0.00).csv.gz
ADAM,10,saddle,0.5,0.0,0.0,Reduced/ADAM_(10-dimensions)_saddle_(objectified)_(skewed-0.50)_(rotated-0.00)_(noised-0.00).csv.gz
ADAM,10,saddle,0.99,0.0,0.0,Reduced/ADAM_(10-dimensions)_saddle_(objectified)_(skewed-0.99)_(rotated-0.00)_(noised-0.00).csv.gz
ADAM,10,subquadratic,0.0,0.0,0.0,Reduced/ADAM_(10-dimensions)_subquadratic_(objectified)_(skewed-0.00)_(rotated-0.00)_(noised-0.00).csv.gz
ADAM,10,subquadratic,0.0,0.0,0.5,Reduced/ADAM_(10-dimensions)_subquadratic_(objectified)_(skewed-0.00)_(rotated-0.00)_(noised-0.50).csv.gz
ADAM,10,subquadratic,0.0,0.0,1.0,Reduced/ADAM_(10-dimensions)_subquadratic_(objectified)_(skewed-0.00)_(rotated-0.00)_(noised-1.00).csv.gz
ADAM,10,subquadratic,0.0,0.5,0.0,Reduced/ADAM_(10-dimensions)_subquadratic_(objectified)_(skewed-0.00)_(rotated-0.50)_(noised-0.00).csv.gz
ADAM,10,subquadratic,0.0,1.0,0.0,Reduced/ADAM_(10-dimensions)_subquadratic_(objectified)_(skewed-0.00)_(rotated-1.00)_(noised-0.00).csv.gz
ADAM,10,subquadratic,0.5,0.0,0.0,Reduced/ADAM_(10-dimensions)_subquadratic_(objectified)_(skewed-0.50)_(rotated-0.00)_(noised-0.00).csv.gz
ADAM,10,subquadratic,0.99,0.0,0.0,Reduced/ADAM_(10-dimensions)_subquadratic_(objectified)_(skewed-0.99)_(rotated-0.00)_(noised-0.00).csv.gz
ADAM,10,superquadratic,0.0,0.0,0.0,Reduced/ADAM_(10-dimensions)_superquadratic_(objectified)_(skewed-0.00)_(rotated-0.00)_(noised-0.00).csv.gz
ADAM,10,superquadratic,0.0,0.0,0.5,Reduced/ADAM_(10-dimensions)_superquadratic_(objectified)_(skewed-0.00)_(rotated-0.00)_(noised-0.50).csv.gz
ADAM,10,superquadratic,0.0,0.0,1.0,Reduced/ADAM_(10-dimensions)_superquadratic_(objectified)_(skewed-0.00)_(rotated-0.00)_(noised-1.00).csv.gz
ADAM,10,superquadratic,0.0,0.5,0.0,Reduced/ADAM_(10-dimensions)_superquadratic_(objectified)_(skewed-0.00)_(rotated-0.50)_(noised-0.00).csv.gz
ADAM,10,superquadratic,0.0,1.0,0.0,Reduced/ADAM_(10-dimensions)_superquadratic_(objectified)_(skewed-0.00)_(rotated-1.00)_(noised-0.00).csv.gz
ADAM,10,superquadratic,0.5,0.0,0.0,Reduced/ADAM_(10-dimensions)_superquadratic_(objectified)_(skewed-0.50)_(rotated-0.00)_(noised-0.00).csv.gz
ADAM,10,superquadratic,0.99,0.0,0.0,Reduced/ADAM_(10-dimensions)_superquadratic_(objectified)_(skewed-0.99)_(rotated-0.00)_(noised-0.00).csv.gz
ADAM,100,multimin,0.0,0.0,0.0,Reduced/ADAM_(100-dimensions)_multimin_(objectified)_(skewed-0.00)_(rotated-0.00)_(noised-0.00).csv.gz
ADAM,100,multimin,0.0,0.0,0.5,Reduced/ADAM_(100-dimensions)_multimin_(objectified)_(skewed-0.00)_(rotated-0.00)_(noised-0.50).csv.gz
ADAM,100,multimin,0.0,0.0,1.0,Reduced/ADAM_(100-dimensions)_multimin_(objectified)_(skewed-0.00)_(rotated-0.00)_(noised-1.00).csv.gz
ADAM,100,multimin,0.0,0.5,0.0,Reduced/ADAM_(100-dimensions)_multimin_(objectified)_(skewed-0.00)_(rotated-0.50)_(noised-0.00).csv.gz
ADAM,100,multimin,0.0,1.0,0.0,Reduced/ADAM_(100-dimensions)_multimin_(objectified)_(skewed-0.00)_(rotated-1.00)_(noised-0.00).csv.gz
ADAM,100,multimin,0.5,0.0,0.0,Reduced/ADAM_(100-dimensions)_multimin_(objectified)_(skewed-0.50)_(rotated-0.00)_(noised-0.00).csv.gz
ADAM,100,multimin,0.99,0.0,0.0,Reduced/ADAM_(100-dimensions)_multimin_(objectified)_(skewed-0.99)_(rotated-0.00)_(noised-0.00).csv.gz
ADAM,100,saddle,0.0,0.0,0.0,Reduced/ADAM_(100-dimensions)_saddle_(objectified)_(skewed-0.00)_(rotated-0.00)_(noised-0.00).csv.gz
ADAM,100,saddle,0.0,0.0,0.5,Reduced/ADAM_(100-dimensions)_saddle_(objectified)_(skewed-0.00)_(rotated-0.00)_(noised-0.50).csv.gz
ADAM,100,saddle,0.0,0.0,1.0,Reduced/ADAM_(100-dimensions)_saddle_(objectified)_(skewed-0.00)_(rotated-0.00)_(noised-1.00).csv.gz
ADAM,100,saddle,0.0,0.5,0.0,Reduced/ADAM_(100-dimensions)_saddle_(objectified)_(skewed-0.00)_(rotated-0.50)_(noised-0.00).csv.gz
ADAM,100,saddle,0.0,1.0,0.0,Reduced/ADAM_(100-dimensions)_saddle_(objectified)_(skewed-0.00)_(rotated-1.00)_(noised-0.00).csv.gz
ADAM,100,saddle,0.5,0.0,0.0,Reduced/ADAM_(100-dimensions)_saddle_(objectified)_(skewed-0.50)_(rotated-0.00)_(noised-0.00).csv.gz
ADAM,100,saddle,0.99,0.0,0.0,Reduced/ADAM_(100-dimensions)_saddle_(objectified)_(skewed-0.99)_(rotated-0.00)_(noised-0.00).csv.gz
ADAM,100,subquadratic,0.0,0.0,0.0,Reduced/ADAM_(100-dimensions)_subquadratic_(objectified)_(skewed-0.00)_(rotated-0.00)_(noised-0.00).csv.gz
ADAM,100,subquadratic,0.0,0.0,0.5,Reduced/ADAM_(100-dimensions)_subquadratic_(objectified)_(skewed-0.00)_(rotated-0.00)_(noised-0.50).csv.gz
ADAM,100,subquadratic,0.0,0.0,1.0,Reduced/ADAM_(100-dimensions)_subquadratic_(objectified)_(skewed-0.00)_(rotated-0.00)_(noised-1.00).csv.gz
ADAM,100,subquadratic,0.0,0.5,0.0,Reduced/ADAM_(100-dimensions)_subquadratic_(objectified)_(skewed-0.00)_(rotated-0.50)_(noised-0.00).csv.gz
ADAM,100,subquadratic,0.0,1.0,0.0,Reduced/ADAM_(100-dimensions)_subquadratic_(objectified)_(skewed-0.00)_(rotated-1.00)_(noised-0.00).csv.gz
ADAM,100,subquadratic,0.5,0.0,0.0,Reduced/ADAM_(100-dimensions)_subquadratic_(objectified)_(skewed-0.50)_(rotated-0.00)_(noised-0.00).csv.gz
ADAM,100,subquadratic,0.99,0.0,0.0,Reduced/ADAM_(100-dimensions)_subquadratic_(objectified)_(skewed-0.99)_(rotated-0.00)_(noised-0.00).csv.gz
ADAM,100,superquadratic,0.0,0.0,0.0,Reduced/ADAM_(100-dimensions)_superquadratic_(objectified)_(skewed-0.00)_(rotated-0.00)_(noised-0.00).csv.gz
ADAM,100,superquadratic,0.0,0.0,0.5,Reduced/ADAM_(100-dimensions)_superquadratic_(objectified)_(skewed-0.00)_(rotated-0.00)_(noised-0.50).csv.gz
ADAM,100,superquadratic,0.0,0.0,1.0,Reduced/ADAM_(100-dimensions)_superquadratic_(objectified)_(skewed-0.00)_(rotated-0.00)_(noised-1.00).csv.gz
ADAM,100,superquadratic,0.0,0.5,0.0,Reduced/ADAM_(100-dimensions)_superquadratic_(objectified)_(skewed-0.00)_(rotated-0.50)_(noised-0.00).csv.gz
ADAM,100,superquadratic,0.0,1.0,0.0,Reduced/ADAM_(100-dimensions)_superquadratic_(objectified)_(skewed-0.00)_(rotated-1.00)_(noised-0.00).csv.gz
ADAM,100,superquadratic,0.5,0.0,0.0,Reduced/ADAM_(100-dimensions)_superquadratic_(objectified)_(skewed-0.50)_(rotated-0.00)_(noised-0.00).csv.gz
ADAM,100,superquadratic,0.99,0.0,0.0,Reduced/ADAM_(100-dimensions)_superquadratic_(objectified)_(skewed-0.99)_(rotated-0.00)_(noised-0.00).csv.gz
ADAM,1000,multimin,0.0,0.0,0.0,Reduced/ADAM_(1000-dimensions)_multimin_(objectified)_(skewed-0.00)_(rotated-0.00)_(noised-0.00).csv.gz
ADAM,1000,multimin,0.0,0.0,0.5,Reduced/ADAM_(1000-dimensions)_multimin_(objectified)_(skewed-0.00)_(rotated-0.00)_(noised-0.50).csv.gz
ADAM,1000,multimin,0.0,0.0,1.0,Reduced/ADAM_(1000-dimensions)_multimin_(objectified)_(skewed-0.00)_(rotated-0.00)_(noised-1.00).csv.gz
ADAM,1000,multimin,0.0,0.5,0.0,Reduced/ADAM_(1000-dimensions)_multimin_(objectified)_(skewed-0.00)_(rotated-0.50)_(noised-0.00).csv.gz
ADAM,1000,multimin,0.0,1.0,0.0,Reduced/ADAM_(1000-dimensions)_multimin_(objectified)_(skewed-0.00)_(rotated-1.00)_(noised-0.00).csv.gz
ADAM,1000,multimin,0.5,0.0,0.0,Reduced/ADAM_(1000-dimensions)_multimin_(objectified)_(skewed-0.50)_(rotated-0.00)_(noised-0.00).csv.gz
ADAM,1000,multimin,0.99,0.0,0.0,Reduced/ADAM_(1000-dimensions)_multimin_(objectified)_(skewed-0.99)_(rotated-0.00)_(noised-0.00).csv.gz
ADAM,1000,saddle,0.0,0.0,0.0,Reduced/ADAM_(1000-dimensions)_saddle_(objectified)_(skewed-0.00)_(rotated-0.00)_(noised-0.00).csv.gz
ADAM,1000,saddle,0.0,0.0,0.5,Reduced/ADAM_(1000-dimensions)_saddle_(objectified)_(skewed-0.00)_(rotated-0.00)_(noised-0.50).csv.gz
ADAM,1000,saddle,0.0,0.0,1.0,Reduced/ADAM_(1000-dimensions)_saddle_(objectified)_(skewed-0.00)_(rotated-0.00)_(noised-1.00).csv.gz
ADAM,1000,saddle,0.0,0.5,0.0,Reduced/ADAM_(1000-dimensions)_saddle_(objectified)_(skewed-0.00)_(rotated-0.50)_(noised-0.00).csv.gz
ADAM,1000,saddle,0.0,1.0,0.0,Reduced/ADAM_(1000-dimensions)_saddle_(objectified)_(skewed-0.00)_(rotated-1.00)_(noised-0.00).csv.gz
ADAM,1000,saddle,0.5,0.0,0.0,Reduced/ADAM_(1000-dimensions)_saddle_(objectified)_(skewed-0.50)_(rotated-0.00)_(noised-0.00).csv.gz
ADAM,1000,saddle,0.99,0.0,0.0,Reduced/ADAM_(1000-dimensions)_saddle_(objectified)_(skewed-0.99)_(rotated-0.00)_(noised-0.00).csv.gz
ADAM,1000,subquadratic,0.0,0.0,0.0,Reduced/ADAM_(1000-dimensions)_subquadratic_(objectified)_(skewed-0.00)_(rotated-0.00)_(noised-0.00).csv.gz
ADAM,1000,subquadratic,0.0,0.0,0.5,Reduced/ADAM_(1000-dimensions)_subquadratic_(objectified)_(skewed-0.00)_(rotated-0.00)_(noised-0.50).csv.gz
ADAM,1000,subquadratic,0.0,0.0,1.0,Reduced/ADAM_(1000-dimensions)_subquadratic_(objectified)_(skewed-0.00)_(rotated-0.00)_(noised-1.00).csv.gz
ADAM,1000,subquadratic,0.0,0.5,0.0,Reduced/ADAM_(1000-dimensions)_subquadratic_(objectified)_(skewed-0.00)_(rotated-0.50)_(noised-0.00).csv.gz
ADAM,1000,subquadratic,0.0,1.0,0.0,Reduced/ADAM_(1000-dimensions)_subquadratic_(objectified)_(skewed-0.00)_(rotated-1.00)_(noised-0.00).csv.gz
ADAM,1000,subquadratic,0.5,0.0,0.0,Reduced/ADAM_(1000-dimensions)_subquadratic_(objectified)_(skewed-0.50)_(rotated-0.00)_(noised-0.00).csv.gz
ADAM,1000,subquadratic,0.99,0.0,0.0,Reduced/ADAM_(1000-dimensions)_subquadratic_(objectified)_(skewed-0.99)_(rotated-0.00)_(noised-0.00).csv.gz
ADAM,1000,superquadratic,0.0,0.0,0.0,Reduced/ADAM_(1000-dimensions)_superquadratic_(objectified)_(skewed-0.00)_(rotated-0.00)_(noised-0.00).csv.gz
ADAM,1000,superquadratic,0.0,0.0,0.5,Reduced/ADAM_(1000-dimensions)_superquadratic_(objectified)_(skewed-0.00)_(rotated-0.00)_(noised-0.50).csv.gz
ADAM,1000,superquadratic,0.0,0.0,1.0,Reduced/ADAM_(1000-dimensions)_superquadratic_(objectified)_(skewed-0.00)_(rotated-0.00)_(noised-1.00).csv.gz
ADAM,1000,superquadratic,0.0,0.5,0.0,Reduced/ADAM_(1000-dimensions)_superquadratic_(objectified)_(skewed-0.00)_(rotated-0.50)_(noised-0.00).csv.gz
ADAM,1000,superquadratic,0.0,1.0,0.0,Reduced/ADAM_(1000-dimensions)_superquadratic_(objectified)_(skewed-0.00)_(rotated-1.00)_(noised-0.00).csv.gz
ADAM,1000,superquadratic,0.5,0.0,0.0,Reduced/ADAM_(1000-dimensions)_superquadratic_(objectified)_(skewed-0.50)_(rotated-0.00)_(noised-0.00).csv.gz
ADAM,1000,superquadratic,0.99,0.0,0.0,Reduced/ADAM_(1000-dimensions)_superquadratic_(objectified)_(skewed-0.99)_(rotated-0.00)_(noised-0.00).csv.gz
LBFGS,10,multimin,0.0,0.0,0.0,Reduced/L_BFGS_(10-dimensions)_multimin_(objectified)_(skewed-0.00)_(rotated-0.00)_(noised-0.00).csv.gz
LBFGS,10,multimin,0.0,0.0,0.5,Reduced/L_BFGS_(10-dimensions)_multimin_(objectified)_(skewed-0.00)_(rotated-0.00)_(noised-0.50).csv.gz
LBFGS,10,multimin,0.0,0.0,1.0,Reduced/L_BFGS_(10-dimensions)_multimin_(objectified)_(skewed-0.00)_(rotated-0.00)_(noised-1.00).csv.gz
LBFGS,10,multimin,0.0,0.5,0.0,Reduced/L_BFGS_(10-dimensions)_multimin_(objectified)_(skewed-0.00)_(rotated-0.50)_(noised-0.00).csv.gz
LBFGS,10,multimin,0.0,1.0,0.0,Reduced/L_BFGS_(10-dimensions)_multimin_(objectified)_(skewed-0.00)_(rotated-1.00)_(noised-0.00).csv.gz
LBFGS,10,multimin,0.5,0.0,0.0,Reduced/L_BFGS_(10-dimensions)_multimin_(objectified)_(skewed-0.50)_(rotated-0.00)_(noised-0.00).csv.gz
LBFGS,10,multimin,0.99,0.0,0.0,Reduced/L_BFGS_(10-dimensions)_multimin_(objectified)_(skewed-0.99)_(rotated-0.00)_(noised-0.00).csv.gz
LBFGS,10,saddle,0.0,0.0,0.0,Reduced/L_BFGS_(10-dimensions)_saddle_(objectified)_(skewed-0.00)_(rotated-0.00)_(noised-0.00).csv.gz
LBFGS,10,saddle,0.0,0.0,0.5,Reduced/L_BFGS_(10-dimensions)_saddle_(objectified)_(skewed-0.00)_(rotated-0.00)_(noised-0.50).csv.gz
LBFGS,10,saddle,0.0,0.0,1.0,Reduced/L_BFGS_(10-dimensions)_saddle_(objectified)_(skewed-0.00)_(rotated-0.00)_(noised-1.00).csv.gz
LBFGS,10,saddle,0.0,0.5,0.0,Reduced/L_BFGS_(10-dimensions)_saddle_(objectified)_(skewed-0.00)_(rotated-0.50)_(noised-0.00).csv.gz
LBFGS,10,saddle,0.0,1.0,0.0,Reduced/L_BFGS_(10-dimensions)_saddle_(objectified)_(skewed-0.00)_(rotated-1.00)_(noised-0.00).csv.gz
LBFGS,10,saddle,0.5,0.0,0.0,Reduced/L_BFGS_(10-dimensions)_saddle_(objectified)_(skewed-0.50)_(rotated-0.00)_(noised-0.00).csv.gz
LBFGS,10,saddle,0.99,0.0,0.0,Reduced/L_BFGS_(10-dimensions)_saddle_(objectified)_(skewed-0.99)_(rotated-0.00)_(noised-0.00).csv.gz
LBFGS,10,subquadratic,0.0,0.0,0.0,Reduced/L_BFGS_(10-dimensions)_subquadratic_(objectified)_(skewed-0.00)_(rotated-0.00)_(noised-0.00).csv.gz
LBFGS,10,subquadratic,0.0,0.0,0.5,Reduced/L_BFGS_(10-dimensions)_subquadratic_(objectified)_(skewed-0.00)_(rotated-0.00)_(noised-0.50).csv.gz
LBFGS,10,subquadratic,0.0,0.0,1.0,Reduced/L_BFGS_(10-dimensions)_subquadratic_(objectified)_(skewed-0.00)_(rotated-0.00)_(noised-1.00).csv.gz
LBFGS,10,subquadratic,0.0,0.5,0.0,Reduced/L_BFGS_(10-dimensions)_subquadratic_(objectified)_(skewed-0.00)_(rotated-0.50)_(noised-0.00).csv.gz
LBFGS,10,subquadratic,0.0,1.0,0.0,Reduced/L_BFGS_(10-dimensions)_subquadratic_(objectified)_(skewed-0.00)_(rotated-1.00)_(noised-0.00).csv.gz
LBFGS,10,subquadratic,0.5,0.0,0.0,Reduced/L_BFGS_(10-dimensions)_subquadratic_(objectified)_(skewed-0.50)_(rotated-0.00)_(noised-0.00).csv.gz
LBFGS,10,subquadratic,0.99,0.0,0.0,Reduced/L_BFGS_(10-dimensions)_subquadratic_(objectified)_(skewed-0.99)_(rotated-0.00)_(noised-0.00).csv.gz
LBFGS,10,superquadratic,0.0,0.0,0.0,Reduced/L_BFGS_(10-dimensions)_superquadratic_(objectified)_(skewed-0.00)_(rotated-0.00)_(noised-0.00).csv.gz
LBFGS,10,superquadratic,0.0,0.0,0.5,Reduced/L_BFGS_(10-dimensions)_superquadratic_(objectified)_(skewed-0.00)_(rotated-0.00)_(noised-0.50).csv.gz
LBFGS,10,superquadratic,0.0,0.0,1.0,Reduced/L_BFGS_(10-dimensions)_superquadratic_(objectified)_(skewed-0.00)_(rotated-0.00)_(noised-1.00).csv.gz
LBFGS,10,superquadratic,0.0,0.5,0.0,Reduced/L_BFGS_(10-dimensions)_superquadratic_(objectified)_(skewed-0.00)_(rotated-0.50)_(noised-0.00).csv.gz
LBFGS,10,superquadratic,0.0,1.0,0.0,Reduced/L_BFGS_(10-dimensions)_superquadratic_(objectified)_(skewed-0.00)_(rotated-1.00)_(noised-0.00).csv.gz
LBFGS,10,superquadratic,0.5,0.0,0.0,Reduced/L_BFGS_(10-dimensions)_superquadratic_(objectified)_(skewed-0.50)_(rotated-0.00)_(noised-0.00).csv.gz
LBFGS,10,superquadratic,0.99,0.0,0.0,Reduced/L_BFGS_(10-dimensions)_superquadratic_(objectified)_(skewed-0.99)_(rotated-0.00)_(noised-0.00).csv.gz
LBFGS,100,multimin,0.0,0.0,0.0,Reduced/L_BFGS_(100-dimensions)_multimin_(objectified)_(skewed-0.00)_(rotated-0.00)_(noised-0.00).csv.gz
LBFGS,100,multimin,0.0,0.0,0.5,Reduced/L_BFGS_(100-dimensions)_multimin_(objectified)_(skewed-0.00)_(rotated-0.00)_(noised-0.50).csv.gz
LBFGS,100,multimin,0.0,0.0,1.0,Reduced/L_BFGS_(100-dimensions)_multimin_(objectified)_(skewed-0.00)_(rotated-0.00)_(noised-1.00).csv.gz
LBFGS,100,multimin,0.0,0.5,0.0,Reduced/L_BFGS_(100-dimensions)_multimin_(objectified)_(skewed-0.00)_(rotated-0.50)_(noised-0.00).csv.gz
LBFGS,100,multimin,0.0,1.0,0.0,Reduced/L_BFGS_(100-dimensions)_multimin_(objectified)_(skewed-0.00)_(rotated-1.00)_(noised-0.00).csv.gz
LBFGS,100,multimin,0.5,0.0,0.0,Reduced/L_BFGS_(100-dimensions)_multimin_(objectified)_(skewed-0.50)_(rotated-0.00)_(noised-0.00).csv.gz
LBFGS,100,multimin,0.99,0.0,0.0,Reduced/L_BFGS_(100-dimensions)_multimin_(objectified)_(skewed-0.99)_(rotated-0.00)_(noised-0.00).csv.gz
LBFGS,100,saddle,0.0,0.0,0.0,Reduced/L_BFGS_(100-dimensions)_saddle_(objectified)_(skewed-0.00)_(rotated-0.00)_(noised-0.00).csv.gz
LBFGS,100,saddle,0.0,0.0,0.5,Reduced/L_BFGS_(100-dimensions)_saddle_(objectified)_(skewed-0.00)_(rotated-0.00)_(noised-0.50).csv.gz
LBFGS,100,saddle,0.0,0.0,1.0,Reduced/L_BFGS_(100-dimensions)_saddle_(objectified)_(skewed-0.00)_(rotated-0.00)_(noised-1.00).csv.gz
LBFGS,100,saddle,0.0,0.5,0.0,Reduced/L_BFGS_(100-dimensions)_saddle_(objectified)_(skewed-0.00)_(rotated-0.50)_(noised-0.00).csv.gz
LBFGS,100,saddle,0.0,1.0,0.0,Reduced/L_BFGS_(100-dimensions)_saddle_(objectified)_(skewed-0.00)_(rotated-1.00)_(noised-0.00).csv.gz
LBFGS,100,saddle,0.5,0.0,0.0,Reduced/L_BFGS_(100-dimensions)_saddle_(objectified)_(skewed-0.50)_(rotated-0.00)_(noised-0.00).csv.gz
LBFGS,100,saddle,0.99,0.0,0.0,Reduced/L_BFGS_(100-dimensions)_saddle_(objectified)_(skewed-0.99)_(rotated-0.00)_(noised-0.00).csv.gz
LBFGS,100,subquadratic,0.0,0.0,0.0,Reduced/L_BFGS_(100-dimensions)_subquadratic_(objectified)_(skewed-0.00)_(rotated-0.00)_(noised-0.00).csv.gz
LBFGS,100,subquadratic,0.0,0.0,0.5,Reduced/L_BFGS_(100-dimensions)_subquadratic_(objectified)_(skewed-0.00)_(rotated-0.00)_(noised-0.50).csv.gz
LBFGS,100,subquadratic,0.0,0.0,1.0,Reduced/L_BFGS_(100-dimensions)_subquadratic_(objectified)_(skewed-0.00)_(rotated-0.00)_(noised-1.00).csv.gz
LBFGS,100,subquadratic,0.0,0.5,0.0,Reduced/L_BFGS_(100-dimensions)_subquadratic_(objectified)_(skewed-0.00)_(rotated-0.50)_(noised-0.00).csv.gz
LBFGS,100,subquadratic,0.0,1.0,0.0,Reduced/L_BFGS_(100-dimensions)_subquadratic_(objectified)_(skewed-0.00)_(rotated-1.00)_(noised-0.00).csv.gz
LBFGS,100,subquadratic,0.5,0.0,0.0,Reduced/L_BFGS_(100-dimensions)_subquadratic_(objectified)_(skewed-0.50)_(rotated-0.00)_(noised-0.00).csv.gz
LBFGS,100,subquadratic,0.99,0.0,0.0,Reduced/L_BFGS_(100-dimensions)_subquadratic_(objectified)_(skewed-0.99)_(rotated-0.00)_(noised-0.00).csv.gz
LBFGS,100,superquadratic,0.0,0.0,0.0,Reduced/L_BFGS_(100-dimensions)_superquadratic_(objectified)_(skewed-0.00)_(rotated-0.00)_(noised-0.00).csv.gz
LBFGS,100,superquadratic,0.0,0.0,0.5,Reduced/L_BFGS_(100-dimensions)_superquadratic_(objectified)_(skewed-0.00)_(rotated-0.00)_(noised-0.50).csv.gz
LBFGS,100,superquadratic,0.0,0.0,1.0,Reduced/L_BFGS_(100-dimensions)_superquadratic_(objectified)_(skewed-0.00)_(rotated-0.00)_(noised-1.00).csv.gz
LBFGS,100,superquadratic,0.0,0.5,0.0,Reduced/L_BFGS_(100-dimensions)_superquadratic_(objectified)_(skewed-0.00)_(rotated-0.50)_(noised-0.00).csv.gz
LBFGS,100,superquadratic,0.0,1.0,0.0,Reduced/L_BFGS_(100-dimensions)_superquadratic_(objectified)_(skewed-0.00)_(rotated-1.00)_(noised-0.00).csv.gz
LBFGS,100,superquadratic,0.5,0.0,0.0,Reduced/L_BFGS_(100-dimensions)_superquadratic_(objectified)_(skewed-0.50)_(rotated-0.00)_(noised-0.00).csv.gz
LBFGS,100,superquadratic,0.99,0.0,0.0,Reduced/L_BFGS_(100-dimensions)_superquadratic_(objectified)_(skewed-0.99)_(rotated-0.00)_(noised-0.00).csv.gz
LBFGS,1000,multimin,0.0,0.0,0.0,Reduced/L_BFGS_(1000-dimensions)_multimin_(objectified)_(skewed-0.00)_(rotated-0.00)_(noised-0.00).csv.gz
LBFGS,1000,multimin,0.0,0.0,0.5,Reduced/L_BFGS_(1000-dimensions)_multimin_(objectified)_(skewed-0.00)_(rotated-0.00)_(noised-0.50).csv.gz
LBFGS,1000,multimin,0.0,0.0,1.0,Reduced/L_BFGS_(1000-dimensions)_multimin_(objectified)_(skewed-0.00)_(rotated-0.00)_(noised-1.00).csv.gz
LBFGS,1000,multimin,0.0,0.5,0.0,Reduced/L_BFGS_(1000-dimensions)_multimin_(objectified)_(skewed-0.00)_(rotated-0.50)_(noised-0.00).csv.gz
LBFGS,1000,multimin,0.0,1.0,0.0,Reduced/L_BFGS_(1000-dimensions)_multimin_(objectified)_(skewed-0.00)_(rotated-1.00)_(noised-0.00).csv.gz
LBFGS,1000,multimin,0.5,0.0,0.0,Reduced/L_BFGS_(1000-dimensions)_multimin_(objectified)_(skewed-0.50)_(rotated-0.00)_(noised-0.00).csv.gz
LBFGS,1000,multimin,0.99,0.0,0.0,Reduced/L_BFGS_(1000-dimensions)_multimin_(objectified)_(skewed-0.99)_(rotated-0.00)_(noised-0.00).csv.gz
LBFGS,1000,saddle,0.0,0.0,0.0,Reduced/L_BFGS_(1000-dimensions)_saddle_(objectified)_(skewed-0.00)_(rotated-0.00)_(noised-0.00).csv.gz
LBFGS,1000,saddle,0.0,0.0,0.5,Reduced/L_BFGS_(1000-dimensions)_saddle_(objectified)_(skewed-0.00)_(rotated-0.00)_(noised-0.50).csv.gz
LBFGS,1000,saddle,0.0,0.0,1.0,Reduced/L_BFGS_(1000-dimensions)_saddle_(objectified)_(skewed-0.00)_(rotated-0.00)_(noised-1.00).csv.gz
LBFGS,1000,saddle,0.0,0.5,0.0,Reduced/L_BFGS_(1000-dimensions)_saddle_(objectified)_(skewed-0.00)_(rotated-0.50)_(noised-0.00).csv.gz
LBFGS,1000,saddle,0.0,1.0,0.0,Reduced/L_BFGS_(1000-dimensions)_saddle_(objectified)_(skewed-0.00)_(rotated-1.00)_(noised-0.00).csv.gz
LBFGS,1000,saddle,0.5,0.0,0.0,Reduced/L_BFGS_(1000-dimensions)_saddle_(objectified)_(skewed-0.50)_(rotated-0.00)_(noised-0.00).csv.gz
LBFGS,1000,saddle,0.99,0.0,0.0,Reduced/L_BFGS_(1000-dimensions)_saddle_(objectified)_(skewed-0.99)_(rotated-0.00)_(noised-0.00).csv.gz
LBFGS,1000,subquadratic,0.0,0.0,0.0,Reduced/L_BFGS_(1000-dimensions)_subquadratic_(objectified)_(skewed-0.00)_(rotated-0.00)_(noised-0.00).csv.gz
LBFGS,1000,subquadratic,0.0,0.0,0.5,Reduced/L_BFGS_(1000-dimensions)_subquadratic_(objectified)_(skewed-0.00)_(rotated-0.00)_(noised-0.50).csv.gz
LBFGS,1000,subquadratic,0.0,0.0,1.0,Reduced/L_BFGS_(1000-dimensions)_subquadratic_(objectified)_(skewed-0.00)_(rotated-0.00)_(noised-1.00).csv.gz
LBFGS,1000,subquadratic,0.0,0.5,0.0,Reduced/L_BFGS_(1000-dimensions)_subquadratic_(objectified)_(skewed-0.00)_(rotated-0.50)_(noised-0.00).csv.gz
LBFGS,1000,subquadratic,0.0,1.0,0.0,Reduced/L_BFGS_(1000-dimensions)_subquadratic_(objectified)_(skewed-0.00)_(rotated-1.00)_(noised-0.00).csv.gz
LBFGS,1000,subquadratic,0.5,0.0,0.0,Reduced/L_BFGS_(1000-dimensions)_subquadratic_(objectified)_(skewed-0.50)_(rotated-0.00)_(noised-0.00).csv.gz
LBFGS,1000,subquadratic,0.99,0.0,0.0,Reduced/L_BFGS_(1000-dimensions)_subquadratic_(objectified)_(skewed-0.99)_(rotated-0.00)_(noised-0.00).csv.gz
LBFGS,1000,superquadratic,0.0,0.0,0.0,Reduced/L_BFGS_(1000-dimensions)_superquadratic_(objectified)_(skewed-0.00)_(rotated-0.00)_(noised-0.00).csv.gz
LBFGS,1000,superquadratic,0.0,0.0,0.5,Reduced/L_BFGS_(1000-dimensions)_superquadratic_(objectified)_(skewed-0.00)_(rotated-0.00)_(noised-0.50).csv.gz
LBFGS,1000,superquadratic,0.0,0.0,1.0,Reduced/L_BFGS_(1000-dimensions)_superquadratic_(objectified)_(skewed-0.00)_(rotated-0.00)_(noised-1.00).csv.gz
LBFGS,1000,superquadratic,0.0,0.5,0.0,Reduced/L_BFGS_(1000-dimensions)_superquadratic_(objectified)_(skewed-0.00)_(rotated-0.50)_(noised-0.00).csv.gz
LBFGS,1000,superquadratic,0.0,1.0,0.0,Reduced/L_BFGS_(1000-dimensions)_superquadratic_(objectified)_(skewed-0.00)_(rotated-1.00)_(noised-0.00).csv.gz
LBFGS,1000,superquadratic,0.5,0.0,0.0,Reduced/L_BFGS_(1000-dimensions)_superquadratic_(objectified)_(skewed-0.50)_(rotated-0.00)_(noised-0.00).csv.gz
LBFGS,1000,superquadratic,0.99,0.0,0.0,Reduced/L_BFGS_(1000-dimensions)_superquadratic_(objectified)_(skewed-0.99)_(rotated-0.00)_(noised-0.00).csv.gz
SGD,10,multimin,0.0,0.0,0.0,Reduced/SGD_(10-dimensions)_multimin_(objectified)_(skewed-0.00)_(rotated-0.00)_(noised-0.00).csv.gz
SGD,10,multimin,0.0,0.0,0.5,Reduced/SGD_(10-dimensions)_multimin_(objectified)_(skewed-0.00)_(rotated-0.00)_(noised-0.50).csv.gz
SGD,10,multimin,0.0,0.0,1.0,Reduced/SGD_(10-dimensions)_multimin_(objectified)_(skewed-0.00)_(rotated-0.00)_(noised-1.00).csv.gz
SGD,10,multimin,0.0,0.5,0.0,Reduced/SGD_(10-dimensions)_multimin_(objectified)_(skewed-0.00)_(rotated-0.50)_(noised-0.00).csv.gz
SGD,10,multimin,0.0,1.0,0.0,Reduced/SGD_(10-dimensions)_multimin_(objectified)_(skewed-0.00)_(rotated-1.00)_(noised-0.00).csv.gz
SGD,10,multimin,0.5,0.0,0.0,Reduced/SGD_(10-dimensions)_multimin_(objectified)_(skewed-0.50)_(rotated-0.00)_(noised-0.00).csv.gz
SGD,10,multimin,0.99,0.0,0.0,Reduced/SGD_(10-dimensions)_multimin_(objectified)_(skewed-0.99)_(rotated-0.00)_(noised-0.00).csv.gz
SGD,10,saddle,0.0,0.0,0.0,Reduced/SGD_(10-dimensions)_saddle_(objectified)_(skewed-0.00)_(rotated-0.00)_(noised-0.00).csv.gz
SGD,10,saddle,0.0,0.0,0.5,Reduced/SGD_(10-dimensions)_saddle_(objectified)_(skewed-0.00)_(rotated-0.00)_(noised-0.50).csv.gz
SGD,10,saddle,0.0,0.0,1.0,Reduced/SGD_(10-dimensions)_saddle_(objectified)_(skewed-0.00)_(rotated-0.00)_(noised-1.00).csv.gz
SGD,10,saddle,0.0,0.5,0.0,Reduced/SGD_(10-dimensions)_saddle_(objectified)_(skewed-0.00)_(rotated-0.50)_(noised-0.00).csv.gz
SGD,10,saddle,0.0,1.0,0.0,Reduced/SGD_(10-dimensions)_saddle_(objectified)_(skewed-0.00)_(rotated-1.00)_(noised-0.00).csv.gz
SGD,10,saddle,0.5,0.0,0.0,Reduced/SGD_(10-dimensions)_saddle_(objectified)_(skewed-0.50)_(rotated-0.00)_(noised-0.00).csv.gz
SGD,10,saddle,0.99,0.0,0.0,Reduced/SGD_(10-dimensions)_saddle_(objectified)_(skewed-0.99)_(rotated-0.00)_(noised-0.00).csv.gz
SGD,10,subquadratic,0.0,0.0,0.0,Reduced/SGD_(10-dimensions)_subquadratic_(objectified)_(skewed-0.00)_(rotated-0.00)_(noised-0.00).csv.gz
SGD,10,subquadratic,0.0,0.0,0.5,Reduced/SGD_(10-dimensions)_subquadratic_(objectified)_(skewed-0.00)_(rotated-0.00)_(noised-0.50).csv.gz
SGD,10,subquadratic,0.0,0.0,1.0,Reduced/SGD_(10-dimensions)_subquadratic_(objectified)_(skewed-0.00)_(rotated-0.00)_(noised-1.00).csv.gz
SGD,10,subquadratic,0.0,0.5,0.0,Reduced/SGD_(10-dimensions)_subquadratic_(objectified)_(skewed-0.00)_(rotated-0.50)_(noised-0.00).csv.gz
SGD,10,subquadratic,0.0,1.0,0.0,Reduced/SGD_(10-dimensions)_subquadratic_(objectified)_(skewed-0.00)_(rotated-1.00)_(noised-0.00).csv.gz
SGD,10,subquadratic,0.5,0.0,0.0,Reduced/SGD_(10-dimensions)_subquadratic_(objectified)_(skewed-0.50)_(rotated-0.00)_(noised-0.00).csv.gz
SGD,10,subquadratic,0.99,0.0,0.0,Reduced/SGD_(10-dimensions)_subquadratic_(objectified)_(skewed-0.99)_(rotated-0.00)_(noised-0.00).csv.gz
SGD,10,superquadratic,0.0,0.0,0.0,Reduced/SGD_(10-dimensions)_superquadratic_(objectified)_(skewed-0.00)_(rotated-0.00)_(noised-0.00).csv.gz
SGD,10,superquadratic,0.0,0.0,0.5,Reduced/SGD_(10-dimensions)_superquadratic_(objectified)_(skewed-0.00)_(rotated-0.00)_(noised-0.50).csv.gz
SGD,10,superquadratic,0.0,0.0,1.0,Reduced/SGD_(10-dimensions)_superquadratic_(objectified)_(skewed-0.00)_(rotated-0.00)_(noised-1.00).csv.gz
SGD,10,superquadratic,0.0,0.5,0.0,Reduced/SGD_(10-dimensions)_superquadratic_(objectified)_(skewed-0.00)_(rotated-0.50)_(noised-0.00).csv.gz
SGD,10,superquadratic,0.0,1.0,0.0,Reduced/SGD_(10-dimensions)_superquadratic_(objectified)_(skewed-0.00)_(rotated-1.00)_(noised-0.00).csv.gz
SGD,10,superquadratic,0.5,0.0,0.0,Reduced/SGD_(10-dimensions)_superquadratic_(objectified)_(skewed-0.50)_(rotated-0.00)_(noised-0.00).csv.gz
SGD,10,superquadratic,0.99,0.0,0.0,Reduced/SGD_(10-dimensions)_superquadratic_(objectified)_(skewed-0.99)_(rotated-0.00)_(noised-0.00).csv.gz
SGD,100,multimin,0.0,0.0,0.0,Reduced/SGD_(100-dimensions)_multimin_(objectified)_(skewed-0.00)_(rotated-0.00)_(noised-0.00).csv.gz
SGD,100,multimin,0.0,0.0,0.5,Reduced/SGD_(100-dimensions)_multimin_(objectified)_(skewed-0.00)_(rotated-0.00)_(noised-0.50).csv.gz
SGD,100,multimin,0.0,0.0,1.0,Reduced/SGD_(100-dimensions)_multimin_(objectified)_(skewed-0.00)_(rotated-0.00)_(noised-1.00).csv.gz
SGD,100,multimin,0.0,0.5,0.0,Reduced/SGD_(100-dimensions)_multimin_(objectified)_(skewed-0.00)_(rotated-0.50)_(noised-0.00).csv.gz
SGD,100,multimin,0.0,1.0,0.0,Reduced/SGD_(100-dimensions)_multimin_(objectified)_(skewed-0.00)_(rotated-1.00)_(noised-0.00).csv.gz
SGD,100,multimin,0.5,0.0,0.0,Reduced/SGD_(100-dimensions)_multimin_(objectified)_(skewed-0.50)_(rotated-0.00)_(noised-0.00).csv.gz
SGD,100,multimin,0.99,0.0,0.0,Reduced/SGD_(100-dimensions)_multimin_(objectified)_(skewed-0.99)_(rotated-0.00)_(noised-0.00).csv.gz
SGD,100,saddle,0.0,0.0,0.0,Reduced/SGD_(100-dimensions)_saddle_(objectified)_(skewed-0.00)_(rotated-0.00)_(noised-0.00).csv.gz
SGD,100,saddle,0.0,0.0,0.5,Reduced/SGD_(100-dimensions)_saddle_(objectified)_(skewed-0.00)_(rotated-0.00)_(noised-0.50).csv.gz
SGD,100,saddle,0.0,0.0,1.0,Reduced/SGD_(100-dimensions)_saddle_(objectified)_(skewed-0.00)_(rotated-0.00)_(noised-1.00).csv.gz
SGD,100,saddle,0.0,0.5,0.0,Reduced/SGD_(100-dimensions)_saddle_(objectified)_(skewed-0.00)_(rotated-0.50)_(noised-0.00).csv.gz
SGD,100,saddle,0.0,1.0,0.0,Reduced/SGD_(100-dimensions)_saddle_(objectified)_(skewed-0.00)_(rotated-1.00)_(noised-0.00).csv.gz
SGD,100,saddle,0.5,0.0,0.0,Reduced/SGD_(100-dimensions)_saddle_(objectified)_(skewed-0.50)_(rotated-0.00)_(noised-0.00).csv.gz
SGD,100,saddle,0.99,0.0,0.0,Reduced/SGD_(100-dimensions)_saddle_(objectified)_(skewed-0.99)_(rotated-0.00)_(noised-0.00).csv.gz
SGD,100,subquadratic,0.0,0.0,0.0,Reduced/SGD_(100-dimensions)_subquadratic_(objectified)_(skewed-0.00)_(rotated-0.00)_(noised-0.00).csv.gz
SGD,100,subquadratic,0.0,0.0,0.5,Reduced/SGD_(100-dimensions)_subquadratic_(objectified)_(skewed-0.00)_(rotated-0.00)_(noised-0.50).csv.gz
SGD,100,subquadratic,0.0,0.0,1.0,Reduced/SGD_(100-dimensions)_subquadratic_(objectified)_(skewed-0.00)_(rotated-0.00)_(noised-1.00).csv.gz
SGD,100,subquadratic,0.0,0.5,0.0,Reduced/SGD_(100-dimensions)_subquadratic_(objectified)_(skewed-0.00)_(rotated-0.50)_(noised-0.00).csv.gz
SGD,100,subquadratic,0.0,1.0,0.0,Reduced/SGD_(100-dimensions)_subquadratic_(objectified)_(skewed-0.00)_(rotated-1.00)_(noised-0.00).csv.gz
SGD,100,subquadratic,0.5,0.0,0.0,Reduced/SGD_(100-dimensions)_subquadratic_(objectified)_(skewed-0.50)_(rotated-0.00)_(noised-0.00).csv.gz
SGD,100,subquadratic,0.99,0.0,0.0,Reduced/SGD_(100-dimensions)_subquadratic_(objectified)_(skewed-0.99)_(rotated-0.00)_(noised-0.00).csv.gz
SGD,100,superquadratic,0.0,0.0,0.0,Reduced/SGD_(100-dimensions)_superquadratic_(objectified)_(skewed-0.00)_(rotated-0.00)_(noised-0.00).csv.gz
SGD,100,superquadratic,0.0,0.0,0.5,Reduced/SGD_(100-dimensions)_superquadratic_(objectified)_(skewed-0.00)_(rotated-0.00)_(noised-0.50).csv.gz
SGD,100,superquadratic,0.0,0.0,1.0,Reduced/SGD_(100-dimensions)_superquadratic_(objectified)_(skewed-0.00)_(rotated-0.00)_(noised-1.00).csv.gz
SGD,100,superquadratic,0.0,0.5,0.0,Reduced/SGD_(100-dimensions)_superquadratic_(objectified)_(skewed-0.00)_(rotated-0.50)_(noised-0.00).csv.gz
SGD,100,superquadratic,0.0,1.0,0.0,Reduced/SGD_(100-dimensions)_superquadratic_(objectified)_(skewed-0.00)_(rotated-1.00)_(noised-0.00).csv.gz
SGD,100,superquadratic,0.5,0.0,0.0,Reduced/SGD_(100-dimensions)_superquadratic_(objectified)_(skewed-0.50)_(rotated-0.00)_(noised-0.00).csv.gz
SGD,100,superquadratic,0.99,0.0,0.0,Reduced/SGD_(100-dimensions)_superquadratic_(objectified)_(skewed-0.99)_(rotated-0.00)_(noised-0.00).csv.gz
SGD,1000,multimin,0.0,0.0,0.0,Reduced/SGD_(1000-dimensions)_multimin_(objectified)_(skewed-0.00)_(rotated-0.00)_(noised-0.00).csv.gz
SGD,1000,multimin,0.0,0.0,0.5,Reduced/SGD_(1000-dimensions)_multimin_(objectified)_(skewed-0.00)_(rotated-0.00)_(noised-0.50).csv.gz
SGD,1000,multimin,0.0,0.0,1.0,Reduced/SGD_(1000-dimensions)_multimin_(objectified)_(skewed-0.00)_(rotated-0.00)_(noised-1.00).csv.gz
SGD,1000,multimin,0.0,0.5,0.0,Reduced/SGD_(1000-dimensions)_multimin_(objectified)_(skewed-0.00)_(rotated-0.50)_(noised-0.00).csv.gz
SGD,1000,multimin,0.0,1.0,0.0,Reduced/SGD_(1000-dimensions)_multimin_(objectified)_(skewed-0.00)_(rotated-1.00)_(noised-0.00).csv.gz
SGD,1000,multimin,0.5,0.0,0.0,Reduced/SGD_(1000-dimensions)_multimin_(objectified)_(skewed-0.50)_(rotated-0.00)_(noised-0.00).csv.gz
SGD,1000,multimin,0.99,0.0,0.0,Reduced/SGD_(1000-dimensions)_multimin_(objectified)_(skewed-0.99)_(rotated-0.00)_(noised-0.00).csv.gz
SGD,1000,saddle,0.0,0.0,0.0,Reduced/SGD_(1000-dimensions)_saddle_(objectified)_(skewed-0.00)_(rotated-0.00)_(noised-0.00).csv.gz
SGD,1000,saddle,0.0,0.0,0.5,Reduced/SGD_(1000-dimensions)_saddle_(objectified)_(skewed-0.00)_(rotated-0.00)_(noised-0.50).csv.gz
SGD,1000,saddle,0.0,0.0,1.0,Reduced/SGD_(1000-dimensions)_saddle_(objectified)_(skewed-0.00)_(rotated-0.00)_(noised-1.00).csv.gz
SGD,1000,saddle,0.0,0.5,0.0,Reduced/SGD_(1000-dimensions)_saddle_(objectified)_(skewed-0.00)_(rotated-0.50)_(noised-0.00).csv.gz
SGD,1000,saddle,0.0,1.0,0.0,Reduced/SGD_(1000-dimensions)_saddle_(objectified)_(skewed-0.00)_(rotated-1.00)_(noised-0.00).csv.gz
SGD,1000,saddle,0.5,0.0,0.0,Reduced/SGD_(1000-dimensions)_saddle_(objectified)_(skewed-0.50)_(rotated-0.00)_(noised-0.00).csv.gz
SGD,1000,saddle,0.99,0.0,0.0,Reduced/SGD_(1000-dimensions)_saddle_(objectified)_(skewed-0.99)_(rotated-0.00)_(noised-0.00).csv.gz
SGD,1000,subquadratic,0.0,0.0,0.0,Reduced/SGD_(1000-dimensions)_subquadratic_(objectified)_(skewed-0.00)_(rotated-0.00)_(noised-0.00).csv.gz
SGD,1000,subquadratic,0.0,0.0,0.5,Reduced/SGD_(1000-dimensions)_subquadratic_(objectified)_(skewed-0.00)_(rotated-0.00)_(noised-0.50).csv.gz
SGD,1000,subquadratic,0.0,0.0,1.0,Reduced/SGD_(1000-dimensions)_subquadratic_(objectified)_(skewed-0.00)_(rotated-0.00)_(noised-1.00).csv.gz
SGD,1000,subquadratic,0.0,0.5,0.0,Reduced/SGD_(1000-dimensions)_subquadratic_(objectified)_(skewed-0.00)_(rotated-0.50)_(noised-0.00).csv.gz
SGD,1000,subquadratic,0.0,1.0,0.0,Reduced/SGD_(1000-dimensions)_subquadratic_(objectified)_(skewed-0.00)_(rotated-1.00)_(noised-0.00).csv.gz
SGD,1000,subquadratic,0.5,0.0,0.0,Reduced/SGD_(1000-dimensions)_subquadratic_(objectified)_(skewed-0.50)_(rotated-0.00)_(noised-0.00).csv.gz
SGD,1000,subquadratic,0.99,0.0,0.0,Reduced/SGD_(1000-dimensions)_subquadratic_(objectified)_(skewed-0.99)_(rotated-0.00)_(noised-0.00).csv.gz
SGD,1000,superquadratic,0.0,0.0,0.0,Reduced/SGD_(1000-dimensions)_superquadratic_(objectified)_(skewed-0.00)_(rotated-0.00)_(noised-0.00).csv.gz
SGD,1000,superquadratic,0.0,0.0,0.5,Reduced/SGD_(1000-dimensions)_superquadratic_(objectified)_(skewed-0.00)_(rotated-0.00)_(noised-0.50).csv.gz
SGD,1000,superquadratic,0.0,0.0,1.0,Reduced/SGD_(1000-dimensions)_superquadratic_(objectified)_(skewed-0.00)_(rotated-0.00)_(noised-1.00).csv.gz
SGD,1000,superquadratic,0.0,0.5,0.0,Reduced/SGD_(1000-dimensions)_superquadratic_(objectified)_(skewed-0.00)_(rotated-0.50)_(noised-0.00).csv.gz
SGD,1000,superquadratic,0.0,1.0,0.0,Reduced/SGD_(1000-dimensions)_superquadratic_(objectified)_(skewed-0.00)_(rotated-1.00)_(noised-0.00).csv.gz
SGD,1000,superquadratic,0.5,0.0,0.0,Reduced/SGD_(1000-dimensions)_superquadratic_(objectified)_(skewed-0.50)_(rotated-0.00)_(noised-0.00).csv.gz
SGD,1000,superquadratic,0.99,0.0,0.0,Reduced/SGD_(1000-dimensions)_superquadratic_(objectified)_(skewed-0.99)_(rotated-0.00)_(noised-0.00).csv.gz
